name,sequence_number
Darby,1
Phillie,2
Heloise,3
Phil,4
Gus,5
Linda,6
Arie,7
Olivier,8
Melvyn,9
Melany,10
Sergei,11
Gaston,12
Huntley,13
Edsel,14
Kendrick,15
Kathrine,16
Caryl,17
Francyne,18
Alaster,19
Rolph,20
Patric,21
Payton,22
Marrilee,23
Karisa,24
Auria,25
Zora,26
Marga,27
Trace,28
Benn,29
Luci,30
Silvie,31
Tammi,32
Evey,33
Jewelle,34
Marcia,35
Nickola,36
Marysa,37
Cori,38
Dick,39
Aguste,40
Alena,41
Perry,42
Ilyse,43
Else,44
Reed,45
Vonnie,46
Rustie,47
Madlen,48
Smitty,49
Kermit,50
Dael,51
Carolynn,52
Desmund,53
Rosabel,54
Zechariah,55
Allie,56
Quinton,57
Frederic,58
Lucian,59
Addia,60
Verge,61
Daren,62
Jeannine,63
Spence,64
Roseanne,65
Raoul,66
Steven,67
Tyrus,68
Wallie,69
Fremont,70
Ortensia,71
Vern,72
Sabra,73
Cecelia,74
Illa,75
Malchy,76
Otis,77
Marketa,78
Barnie,79
Trevor,80
Roselle,81
Bent,82
Casi,83
Ruddy,84
Mischa,85
Kelbee,86
Doralynne,87
Gerrie,88
Gregor,89
Gabbi,90
Currie,91
Mamie,92
Meade,93
Adelaide,94
Dot,95
Geri,96
Keely,97
Bobinette,98
Erin,99